  u,ln(u),lot,time
5,0.69,1,118
10,2.33,1,58
15,2.779999,1,42
20,2.996,1,35
30,3.4,1,27
40,3.6889999,1,25
60,4.939999,1,21
80,4.382,1,19
100,4.65,1,18
5,0.69,2,69
10,2.33,2,35
15,2.779999,2,26
20,2.996,2,21
30,3.4,2,18
40,3.6889999,2,16
60,4.939999,2,13
80,4.382,2,12
100,4.65,2,12
